{
  "id": "1929902",
  "name": "cloudstall",
  "font_family": "iconfont",
  "css_prefix_text": "icon-",
  "description": "",
  "glyphs": [
    {
      "icon_id": "609890",
      "name": "对号",
      "font_class": "duihaocheckmark17",
      "unicode": "e770",
      "unicode_decimal": 59248
    },
    {
      "icon_id": "637760",
      "name": "对号",
      "font_class": "duihao",
      "unicode": "e60b",
      "unicode_decimal": 58891
    },
    {
      "icon_id": "1089767",
      "name": "三角",
      "font_class": "sanjiao",
      "unicode": "e65a",
      "unicode_decimal": 58970
    },
    {
      "icon_id": "1506092",
      "name": "星星",
      "font_class": "icon-test",
      "unicode": "e607",
      "unicode_decimal": 58887
    },
    {
      "icon_id": "4539899",
      "name": "定位",
      "font_class": "dingwei",
      "unicode": "e618",
      "unicode_decimal": 58904
    },
    {
      "icon_id": "12025963",
      "name": "箭头",
      "font_class": "jiantou",
      "unicode": "e7a7",
      "unicode_decimal": 59303
    }
  ]
}
