{
  "id": "1929902",
  "name": "cloudstall",
  "font_family": "iconfont",
  "css_prefix_text": "icon-",
  "description": "",
  "glyphs": [
    {
      "icon_id": "852109",
      "name": "我的",
      "font_class": "mine",
      "unicode": "e603",
      "unicode_decimal": 58883
    },
    {
      "icon_id": "1219691",
      "name": "首页",
      "font_class": "shouye",
      "unicode": "e656",
      "unicode_decimal": 58966
    },
    {
      "icon_id": "1314475",
      "name": "我的",
      "font_class": "daohanglan-05",
      "unicode": "e639",
      "unicode_decimal": 58937
    },
    {
      "icon_id": "6536707",
      "name": "加号",
      "font_class": "jiahao",
      "unicode": "e657",
      "unicode_decimal": 58967
    },
    {
      "icon_id": "7960177",
      "name": "我的",
      "font_class": "wode",
      "unicode": "e6a2",
      "unicode_decimal": 59042
    },
    {
      "icon_id": "11006268",
      "name": "我的",
      "font_class": "wode1",
      "unicode": "e61c",
      "unicode_decimal": 58908
    },
    {
      "icon_id": "9559079",
      "name": "定位",
      "font_class": "ziyuan",
      "unicode": "e620",
      "unicode_decimal": 58912
    },
    {
      "icon_id": "573775",
      "name": "分享",
      "font_class": "fenxiang",
      "unicode": "e63c",
      "unicode_decimal": 58940
    },
    {
      "icon_id": "880383",
      "name": "书签",
      "font_class": "labelb",
      "unicode": "e61a",
      "unicode_decimal": 58906
    },
    {
      "icon_id": "880385",
      "name": "书签",
      "font_class": "label",
      "unicode": "e61b",
      "unicode_decimal": 58907
    },
    {
      "icon_id": "924714",
      "name": "书签",
      "font_class": "shuqian",
      "unicode": "e61f",
      "unicode_decimal": 58911
    },
    {
      "icon_id": "1345543",
      "name": "飞行漫游",
      "font_class": "icon-feixingmanyou",
      "unicode": "e624",
      "unicode_decimal": 58916
    },
    {
      "icon_id": "1447788",
      "name": "搜索",
      "font_class": "sousuo",
      "unicode": "e62c",
      "unicode_decimal": 58924
    },
    {
      "icon_id": "6966937",
      "name": "双箭头下",
      "font_class": "shuangjiantouxia",
      "unicode": "e630",
      "unicode_decimal": 58928
    },
    {
      "icon_id": "9122166",
      "name": "书签",
      "font_class": "shuqian1",
      "unicode": "e65d",
      "unicode_decimal": 58973
    },
    {
      "icon_id": "609890",
      "name": "对号",
      "font_class": "duihaocheckmark17",
      "unicode": "e770",
      "unicode_decimal": 59248
    },
    {
      "icon_id": "637760",
      "name": "对号",
      "font_class": "duihao",
      "unicode": "e60b",
      "unicode_decimal": 58891
    },
    {
      "icon_id": "1089767",
      "name": "三角",
      "font_class": "sanjiao",
      "unicode": "e65a",
      "unicode_decimal": 58970
    },
    {
      "icon_id": "1506092",
      "name": "星星",
      "font_class": "icon-test",
      "unicode": "e607",
      "unicode_decimal": 58887
    },
    {
      "icon_id": "4539899",
      "name": "定位",
      "font_class": "dingwei",
      "unicode": "e618",
      "unicode_decimal": 58904
    },
    {
      "icon_id": "12025963",
      "name": "箭头",
      "font_class": "jiantou",
      "unicode": "e7a7",
      "unicode_decimal": 59303
    }
  ]
}
